Workbook

Sheet Winkellijst
A1: # | B1: Week | C1: Winkel | D1: Domein | E1: Segment | F1: Niche | G1: Formaat | H1: Drapit-score | I1: Instagram | J1: Oprichter / eigenaar | K1: Publiek e-mailadres | L1: Personalisatie-haakje | M1: Shopify geverifieerd via | N1: Status | O1: Datum benaderd | P1: Reactie | Q1: Notities
A2: 1 | B2: Week 1 | C2: SuperBra | D2: https://www.superbra.nl | E2: Lingerie | F2: Lingerie en badmode, cup A t/m Q | G2: middelgroot | H2: A | I2: @superbrastore | J2: Floor van de Pavert | K2: info@superbra.nl | L2: Voert 130+ maten in cup A t/m Q en biedt gratis brafitting op afspraak in Amsterdam, Rotterdam en Utrecht, plus een online 'Vind je Fit'-tool | M2: products.json -> JSON products-array ('Smooth Niet-Voorgevormde T-Shirt BH Zwart') | N2: Nog niet benaderd
A3: 2 | B3: Week 1 | C3: Via di Gioia | D3: https://viadigioia.com | E3: Badmode | F3: Badmode in cupmaten A t/m I | G3: indie/klein | H3: A | I3: @viadigioia_swimwear | J3: Charlotte van Oorschot | K3: info@viadigioia.com | L3: Elk design komt in 3 topstijlen (balconette/plunge/triangle) en 4 broekjesstijlen met verstelbare bandmaten - extreem veel maatcombinaties | M3: products.json -> JSON products-array ('The Balconette - Drop II') | N3: Nog niet benaderd
A4: 3 | B4: Week 1 | C4: Yoek | D4: https://yoek.nl | E4: Plus-size | F4: Plus-size damesmode, eigen label | G4: middelgroot | H4: A | I4: @yoekfashion | J4: Michiel van Kempen (eigenaar sinds 2023, niet oprichter) | K4: fashionadvisor@yoek.nl | L4: Heeft een aparte pasvormpagina (/pages/fits) plus maattabel en een Personal Shopping-dienst voor maatadvies; hun e-mailadres heet letterlijk fashionadvisor@. Maat 38 t/m 58. Recent van Magento naar Shopify gemigreerd | M4: products.json -> JSON products-array ('Top UNI DOLCE') | N4: Nog niet benaderd
A5: 4 | B5: Week 1 | C5: Cyell | D5: https://www.cyell.com | E5: Badmode | F5: Badmode, cup A t/m G, 30 jaar | G5: middelgroot | H5: A | I5: @cyellthenetherlands | J5: onbekend | K5: cyellshop@cyell.com | L5: Heeft drie aparte Fit Guides (bikinitop, bikinibroekje, badpak) en adverteert met 'perfecte pasvorm' over cup A-G | M5: products.json -> JSON products-array ('GROOVY GRAPHIC BIKINIBROEKJE') | N5: Nog niet benaderd
A6: 5 | B6: Week 1 | C6: Exxcellent | D6: https://exxcellent.nl | E6: Plus-size | F6: Nederlands plus-size eigen modemerk | G6: indie/middelgroot | H6: A | I6: @exxcellentfashion | J6: onbekend | K6: info@exxcellent.nl | L6: Eigen maatadvies-pagina (/pages/maatadvies) plus de claim 'Niet tevreden? Zorgeloos retourneren'; slogan 'Curves zijn er om te tonen' | M6: products.json -> JSON products-array ('Giana jurk | Sand/Khaki') | N6: Nog niet benaderd
A7: 6 | B7: Week 1 | C7: Savara Intimates | D7: https://savaraintimates.com | E7: Lingerie | F7: Duurzame beugelloze lingerie, voedingsbh's | G7: indie/klein | H7: A | I7: @savara.intimates | J7: Eva van Schijndel is oprichter; Michelle Jamoneau eigenaar sinds maart 2023 | K7: info@savaraintimates.com | L7: Heeft twee losse maattabellen (algemeen en een aparte voor voedingsbh's) en claimt natuurlijke steun ook voor grotere cupmaten zonder beugel. LET OP: hun site noemt Michelle 'oprichter', maar dat is Eva van Schijndel - niet op oprichterschap personaliseren | M7: products.json -> JSON products-array ('Voedingsbh Linden - Blauw') | N7: Nog niet benaderd
A8: 7 | B8: Week 1 | C8: Pavo Couture | D8: https://www.pavocouture.nl | E8: Lingerie | F8: Luxe beugelloze lingerie uit Amsterdam | G8: indie/klein | H8: A | I8: @pavocoutureamsterdam | J8: Elise van Twillert | K8: webshop@pavocouture.nl | L8: Adverteert met 30 dagen gratis retour via Returnista en gratis ruilen - ruilverkeer is dus een directe kostenpost | M8: products.json -> JSON products-array ('Tote Bag Pavo Quote') | N8: Nog niet benaderd
A9: 8 | B9: Week 1 | C9: WALLIEN | D9: https://wallien.com | E9: Badmode | F9: Wetsuits en badmode voor vrouwen | G9: indie/middelgroot | H9: A | I9: @wallien.official | J9: Madeleine Wallien | K9: hello@wallien.com | L9: Claimt dat alles 'cut specifically for the female form' is met extra schoudermobiliteit, en biedt gratis 30-dagen retour - retourkosten volledig voor eigen rekening | M9: products.json -> JSON products-array ('Nikki van Dijk Springsuit Wetsuit') | N9: Nog niet benaderd
A10: 9 | B10: Week 1 | C10: Billie Swim | D10: https://billieswim.com | E10: Badmode | F10: Duurzame badmode, slow fashion | G10: indie/klein | H10: A | I10: @billieswim | J10: Marjolein Schoot Uiterkamp | K10: hello@billieswim.com | L10: Positioneert zich expliciet op 'inclusive, form-fitting designs that celebrate every body' met eigen size guide | M10: products.json -> JSON products-array ('Ikaria Crinkle One Piece') | N10: Nog niet benaderd
A11: 10 | B11: Week 1 | C11: AYA Label | D11: https://ayalabel.com | E11: Badmode | F11: Badmode ECONYL, collecties naar godinnen | G11: middelgroot | H11: A | I11: @aya.label | J11: onbekend | K11: info@ayalabel.com | L11: Opgericht 2018, adverteert met 'meer dan 60.000 goddesses' en 14 collecties genoemd naar Griekse godinnen; kantoor Valschermkade 29 Amsterdam | M11: products.json -> JSON products-array ('The Erato Top | Groove') | N11: Nog niet benaderd
A12: 11 | B12: Week 2 | C12: Augustine Amsterdam | D12: https://augustineamsterdam.com | E12: Badmode | F12: Duurzame badmode van ECONYL | G12: indie/klein | H12: A | I12: @augustine_amsterdam | J12: onbekend | K12: info@augustineamsterdam.com | L12: Bikinitops en -broekjes worden los verkocht als mix & match - de klant moet twee maten los goed raden | M12: products.json -> JSON products-array ('Halter Bathing Suit') | N12: Nog niet benaderd
A13: 12 | B13: Week 2 | C13: Gutsy Fashion | D13: https://www.gutsy.fashion | E13: Duurzaam | F13: Made-to-order damesmode, eigen atelier | G13: indie/klein | H13: A | I13: @gutsy.fashion | J13: Lisanne (achternaam onbekend) | K13: lisanne@gutsyfashion.nl | L13: Zegt letterlijk 'Made-to-order = geen overschotten', 100% eigen atelier Amersfoort, maten XXS t/m 6XL, klant kiest halslijn en mouwlengte | M13: products.json -> products-array ('Straight pants Tess | Bordeaux') + Shopify-checkout-token | N13: Nog niet benaderd
... A54: 53 | B54: Week 6 | C54: Filling Pieces | D54: https://fillingpieces.com | E54: Streetwear | F54: Schoenen- en kledingmerk Amsterdam | G54: middelgroot | H54: C | I54: onbekend | J54: Guillaume Philibert | K54: onbekend | L54: Catalogus is sterk footwear-gedreven ('Loafer Hazy Off White' bovenaan) - kleding is bijzaak, dus try-on voor kleding voegt weinig toe | M54: products.json -> JSON products-array | N54: Nog niet benaderd

Sheet Dashboard
A1: Drapit - NL Shopify kledingwebshops
A2: Voortgang en samenstelling van de lijst. Alle cijfers rekenen live mee met tabblad Winkellijst.
A4: VOORTGANG
A5: Winkels in lijst | B5: =COUNTA(Winkellijst!C2:C54) -> 53
A6: Benaderd (status ingevuld) | B6: =COUNTIF(Winkellijst!N2:N54,"<>Nog niet benaderd")-COUNTBLANK(Winkellijst!N2:N54) -> 0
A7: Nog niet benaderd | B7: =COUNTIF(Winkellijst!N2:N54,"Nog niet benaderd") -> 53
A8: Demo gemaakt | B8: =COUNTIF(Winkellijst!N2:N54,"Demo gemaakt") -> 0
A9: E-mail verstuurd | B9: =COUNTIF(Winkellijst!N2:N54,"E-mail verstuurd") -> 0
A10: Reactie ontvangen | B10: =COUNTIF(Winkellijst!N2:N54,"Reactie ontvangen") -> 0
A11: Gesprek gepland | B11: =COUNTIF(Winkellijst!N2:N54,"Gesprek gepland") -> 0
A12: App geinstalleerd | B12: =COUNTIF(Winkellijst!N2:N54,"App geinstalleerd") -> 0
A13: Betalend | B13: =COUNTIF(Winkellijst!N2:N54,"Betalend") -> 0
A14: Responspercentage | B14: =IFERROR(COUNTIF(Winkellijst!P2:P54,"Positief")/MAX(1,COUNTIF(Winkellijst!N2:N54,"E-mail verstuurd")),0) -> 0
A16: SAMENSTELLING - SCORE
A17: A-leads (sterk) | B17: =COUNTIF(Winkellijst!H2:H54,"A") -> 35
A18: B-leads (redelijk) | B18: =COUNTIF(Winkellijst!H2:H54,"B") -> 17
A19: C-leads (zwak) | B19: =COUNTIF(Winkellijst!H2:H54,"C") -> 1
A21: SAMENSTELLING - SEGMENT
A22: Damesmode | B22: =COUNTIF(Winkellijst!E2:E54,"Damesmode") -> 15
A23: Duurzaam | B23: =COUNTIF(Winkellijst!E2:E54,"Duurzaam") -> 11
A24: Badmode | B24: =COUNTIF(Winkellijst!E2:E54,"Badmode") -> 7
A25: Streetwear | B25: =COUNTIF(Winkellijst!E2:E54,"Streetwear") -> 7
A26: Herenmode | B26: =COUNTIF(Winkellijst!E2:E54,"Herenmode") -> 5
A27: Lingerie | B27: =COUNTIF(Winkellijst!E2:E54,"Lingerie") -> 3
A28: Plus-size | B28: =COUNTIF(Winkellijst!E2:E54,"Plus-size") -> 3
A29: Gelegenheid | B29: =COUNTIF(Winkellijst!E2:E54,"Gelegenheid") -> 2
A31: DATAKWALITEIT
A32: Met publiek e-mailadres | B32: =COUNTA(Winkellijst!K2:K54)-COUNTIF(Winkellijst!K2:K54,"onbekend*") -> 40
A33: Met naam oprichter/eigenaar | B33: =COUNTA(Winkellijst!J2:J54)-COUNTIF(Winkellijst!J2:J54,"onbekend*") -> 36
A34: Met Instagram | B34: =COUNTA(Winkellijst!I2:I54)-COUNTIF(Winkellijst!I2:I54,"onbekend*") -> 51

Sheet Niet Shopify
A1: Getest en aantoonbaar GEEN Shopify - niet opnieuw onderzoeken
A3: # | B3: Winkel | C3: Domein | D3: Segment
A4: 1 | B4: Loavies | C4: loavies.com | D4: Damesmode
A5: 2 | B5: Alix The Label | C5: alixthelabel.com | D5: Damesmode
A6: 3 | B6: Josh V | C6: joshv.com | D6: Damesmode
A7: 4 | B7: Dante 6 | C7: dante6.com | D7: Damesmode
A8: 5 | B8: Studio Anneloes | C8: studioanneloes.nl | D8: Damesmode
A9: 6 | B9: Harper & Yve | C9: harperandyve.com | D9: Damesmode
A10: 7 | B10: Nikkie | C10: nikkie.com | D10: Damesmode
A11: 8 | B11: Applied Art Forms | C11: appliedartforms.com | D11: Herenmode
A12: 9 | B12: Denham the Jeanmaker | C12: denham.com | D12: Denim
A13: 10 | B13: Only Diva's Amsterdam | C13: onlydivasamsterdam.nl | D13: Plus-size
A14: 11 | B14: Bonkini | C14: bonkini.nl | D14: Badmode
A15: 12 | B15: Bagoes | C15: bagoes.nl | D15: Plus-size
... A41: 38 | B41: De Bruidshoek | C41: bruidshoek.nl | D41: Bruidsmode

Sheet Onzeker - hercheck
A1: Shopify-status niet vastgesteld - handmatig checken loont
A2: Open het domein in je browser en kijk in de broncode naar cdn.shopify.com, of probeer /products.json opnieuw.
A4: # | B4: Winkel | C4: Domein | D4: Reden dat de test faalde | E4: Uitkomst hercheck
A5: 1 | B5: Charlie Mary (alt) | C5: charliemary.com | D5: SSL-certificaatfout bij test
A6: 2 | B6: Studio JUX | C6: studiojux.com | D6: DNS-fout
A7: 3 | B7: Jutka & Riska | C7: jutkaenriska.nl | D7: Certificaat hostname mismatch
A8: 4 | B8: Ruby Tuesday | C8: ruby-tuesday.nl | D8: DNS-fout
A9: 5 | B9: Alix The Label (alt) | C9: alix-thelabel.com | D9: robots/timeout
A10: 6 | B10: New Amsterdam Surf Association | C10: newamsterdamsurf.com | D10: products.json 404, alt domein resolvede niet
A11: 7 | B11: Collect the Label | C11: collectthelabel.com | D11: Domein resolvede niet
A12: 8 | B12: Jungl Amsterdam | C12: junglamsterdam.com | D12: robots.txt blokkeert
A13: 9 | B13: Boobs & Bloomers | C13: boobsandbloomers.com | D13: Domein niet resolvebaar
A14: 10 | B14: Beachlife | C14: beachlife.nl | D14: SSL self-signed certificaat
A15: 11 | B15: Curvii | C15: curvii.nl | D15: 403 op products.json en homepage
A16: 12 | B16: Honeymoon Shop | C16: honeymoonshop.nl | D16: Botcheck-muur
... A23: 19 | B23: Floria Collective | C23: floria-collective.com | D23: Niet vast te stellen

Sheet Methode en bronnen
A1: Hoe deze lijst is opgebouwd
A4: VERIFICATIEMETHODE
A5: Shopify-check | B5: Elk domein is getest met een verzoek op /products.json. Een Shopify-winkel geeft geldige JSON terug met een products-array; de titel van het eerste product staat per winkel in kolom M als bewijs. Waar dat endpoint te groot of afgeschermd was, is de homepage gecontroleerd op cdn.shopify.com, een Shopify-checkout-token of 'Powered by Shopify'.
A6: Betrouwbaarheid | B6: Deze methode geeft vrijwel geen vals-positieven. Wel vals-negatieven: winkels achter Cloudflare of een bot-muur lijken geen Shopify terwijl ze dat wel zijn. Die staan op het tabblad 'Onzeker - hercheck'.
A7: Wat NIET is geverifieerd | B7: Of een winkel al een virtual try-on of size-tool gebruikt. Check dat op een productpagina voor je mailt - het scherpt je haakje aan en voorkomt dat je iets aanbiedt dat er al staat.
A9: DEKKING
A10: Totaal getest | B10: 122 domeinen over vier niches. 53 bevestigd Shopify, 38 aantoonbaar geen Shopify, 19 niet vast te stellen, plus enkele niet-bestaande domeinen.
A11: Bewust weggelaten | B11: Grote ketens (Zalando, Wehkamp, H&M, Hunkemoller, Bijenkorf), marktplaatsen, en winkels zonder eigen collectie of modelfotografie.
A12: Lege velden | B12: Waar 'onbekend' staat, is de informatie daadwerkelijk niet gevonden. Er is niets ingevuld op basis van aanname.
A14: TWEE DATA-WAARSCHUWINGEN
A15: Yoek | B15: Michiel van Kempen is eigenaar sinds de overname in 2023, niet de oprichter. De oorspronkelijke oprichter trad terug.
A16: Savara Intimates | B16: Michelle Jamoneau is de oprichter, maar het merk is in 2023 overgenomen. Check haar huidige rol voor je haar aanschrijft.
A18: WAT DE MARKT MIST
A19: Plus-size | B19: Structureel dunne vijver: Bagoes, Only Diva's, Maatje Meer, MIXXL en Happy Size draaien allemaal niet op Shopify.
A20: Bruidsmode | B20: De NL bruids- en galamarkt draait vrijwel volledig op afspraak-boetieks met WooCommerce-brochuresites zonder online verkoop. Verder graven levert hier weinig op.
A22: BUITEN SCOPE, WEL INTERESSANT
A23: Axent (grote-maten.shop) | B23: Belgisch, Herent. Shopify bevestigd, grote maten 44-54, levert gratis naar NL vanaf 175 euro. Eigenaar Marianne, @axentherent.be. Meenemen als je Belgie erbij pakt.
A24: Maha Amsterdam | B24: Shopify bevestigd, maar pure multibrand boutique zonder eigen collectie - valt buiten je criterium.
